{"cameraMode":{"drawMode":0,"name":"Shaded","section":"Shading Mode"},"sceneLighting":true,"audioPlay":false,"sceneViewState":{"showFog":true,"showMaterialUpdate":false,"showSkybox":true,"showFlares":true,"showImageEffects":true,"showParticleSystems":true},"in2DMode":false,"pivot":{"x":59.691829681396487,"y":166.0274200439453,"z":25.028078079223634},"rotation":{"x":0.11998344212770462,"y":0.773040771484375,"z":0.15363836288452149,"w":-0.603691577911377},"size":10.819008827209473,"orthographic":false}