{"cameraMode":{"drawMode":0,"name":"Shaded","section":"Shading Mode"},"sceneLighting":true,"audioPlay":false,"sceneViewState":{"showFog":true,"showMaterialUpdate":true,"showSkybox":true,"showFlares":true,"showImageEffects":true,"showParticleSystems":true},"in2DMode":false,"pivot":{"x":-30.226886749267579,"y":-41.41685104370117,"z":157.4680633544922},"rotation":{"x":-0.1254502683877945,"y":0.09094107151031494,"z":-0.011542560532689095,"w":-0.9878978133201599},"size":186.6463165283203,"orthographic":false}