{"cameraMode":{"drawMode":0,"name":"Shaded","section":"Shading Mode"},"sceneLighting":true,"audioPlay":false,"sceneViewState":{"showFog":true,"showMaterialUpdate":false,"showSkybox":true,"showFlares":true,"showImageEffects":true,"showParticleSystems":true},"in2DMode":false,"pivot":{"x":-19.189239501953126,"y":-32.226806640625,"z":-51.22337341308594},"rotation":{"x":0.0023001348599791528,"y":0.9883995056152344,"z":-0.15121160447597505,"w":0.015125752426683903},"size":180.0363311767578,"orthographic":false}