{"cameraMode":{"drawMode":0,"name":"Shaded","section":"Shading Mode"},"sceneLighting":false,"audioPlay":false,"sceneViewState":{"showFog":true,"showMaterialUpdate":false,"showSkybox":false,"showFlares":true,"showImageEffects":true,"showParticleSystems":true},"in2DMode":false,"pivot":{"x":-4.472677230834961,"y":4.41953706741333,"z":-2.2386474609375},"rotation":{"x":0.295865535736084,"y":0.368714302778244,"z":-0.1250583678483963,"w":0.8723095655441284},"size":106.71160125732422,"orthographic":false}